{
  "EepromTest": {
    "3701_Eeprom_I2C_Inst": 0,
    "3701_Eeprom_I2C_Addr": "0x50",
    "3701_Eeprom_I2C_Addr_Bit_Width": 8,
    "3701_Eeprom_I2C_Device_Size": 256,
    "3701_Eeprom_Content_Array":
    [
        {"Offset":"0x00", "Len":"0x01", "Type":"number", "Cmp":1, "Key":"Version_Major",                 "Value":"0x02"},
        {"Offset":"0x01", "Len":"0x01", "Type":"number", "Cmp":1, "Key":"Version_Minor",                 "Value":"0x00"},
        {"Offset":"0x02", "Len":"0x02", "Type":"number", "Cmp":1, "Key":"Size",                          "Value":"0x00FE"},
        {"Offset":"0x0B", "Len":"0x01", "Type":"number", "Cmp":1, "Key":"Mem_Type",                      "Value":"0x00"},
        {"Offset":"0x0C", "Len":"0x01", "Type":"number", "Cmp":1, "Key":"Power_Config",                  "Value":"0x00"},
        {"Offset":"0x0D", "Len":"0x01", "Type":"number", "Cmp":1, "Key":"Misc_Config",                   "Value":"0x00"},
        {"Offset":"0x11", "Len":"0x01", "Type":"number", "Cmp":1, "Key":"Rework_Lev",                    "Value":"0x00"},
        {"Offset":"0x13", "Len":"0x01", "Type":"number", "Cmp":1, "Key":"Total_Ethernet_MAC_Address",    "Value":"0x0A"},
        {"Offset":"0x14", "Len":"0x1E", "Type":"string", "Cmp":1, "Key":"Product_Part_Number",           "Value":"699-63701-0001-500 T.0"},
        {"Offset":"0x32", "Len":"0x06", "Type":"number", "Cmp":0, "Key":"WIFI_MAC_ADDR",                 "Value":"0x000000000000"},
        {"Offset":"0x38", "Len":"0x06", "Type":"number", "Cmp":0, "Key":"BT_MAC_ADDR",                   "Value":"0x000000000000"},
        {"Offset":"0x3E", "Len":"0x06", "Type":"number", "Cmp":0, "Key":"Second_WIFI_MAC_ADDR",          "Value":"0x000000000000"},
        {"Offset":"0x44", "Len":"0x06", "Type":"number", "Cmp":0, "Key":"Ethernet_MAC_ADDR",             "Value":"0x48B02DAB3BEE"},
        {"Offset":"0x4A", "Len":"0x0F", "Type":"string", "Cmp":0, "Key":"SNO_Sticker",                   "Value":"1423822047030"},
        {"Offset":"0x96", "Len":"0x04", "Type":"string", "Cmp":1, "Key":"Block_Signature",               "Value":"NVCB"},
        {"Offset":"0x9A", "Len":"0x02", "Type":"number", "Cmp":1, "Key":"Length",                        "Value":"0x0000"},
        {"Offset":"0x9C", "Len":"0x02", "Type":"string", "Cmp":1, "Key":"Type_Signature",                "Value":"M1"},
        {"Offset":"0x9E", "Len":"0x02", "Type":"number", "Cmp":1, "Key":"Cust_Version",                  "Value":"0x0000"},
        {"Offset":"0xA0", "Len":"0x06", "Type":"number", "Cmp":0, "Key":"Cust_WIFI_MAC_ADDR",            "Value":"0x000000000000"},
        {"Offset":"0xA6", "Len":"0x06", "Type":"number", "Cmp":0, "Key":"Cust_BT_MAC_ADDR",              "Value":"0x000000000000"},
        {"Offset":"0xAC", "Len":"0x06", "Type":"number", "Cmp":0, "Key":"Cust_Ethernet_MAC_ADDR",        "Value":"0x48B02DAB3BEE"},
        {"Offset":"0xB2", "Len":"0x01", "Type":"number", "Cmp":0, "Key":"Total_Ethernet_MAC_ADDR",       "Value":"0x0A"},
        {"Offset":"0xFF", "Len":"0x01", "Type":"number", "Cmp":1, "Key":"Checksum",                      "Value":"0-254"}
    ],

    "2425_Eeprom_I2C_Inst": 0,
    "2425_Eeprom_I2C_Addr": "0x56",
    "2425_Eeprom_I2C_Addr_Bit_Width": 8,
    "2425_Eeprom_I2C_Device_Size": 256,
    "2425_Eeprom_Content_Array":
    [
        {"Offset":"0x00", "Len":"0x01", "Type":"number", "Cmp":1, "Key":"Version_Major",                 "Value":"0x02"},
        {"Offset":"0x01", "Len":"0x01", "Type":"number", "Cmp":1, "Key":"Version_Minor",                 "Value":"0x00"},
        {"Offset":"0x02", "Len":"0x02", "Type":"number", "Cmp":1, "Key":"Size",                          "Value":"0x00FE"},
        {"Offset":"0x0B", "Len":"0x01", "Type":"number", "Cmp":1, "Key":"Mem_Type",                      "Value":"0x00"},
        {"Offset":"0x0C", "Len":"0x01", "Type":"number", "Cmp":1, "Key":"Power_Config",                  "Value":"0x00"},
        {"Offset":"0x0D", "Len":"0x01", "Type":"number", "Cmp":1, "Key":"Misc_Config",                   "Value":"0x00"},
        {"Offset":"0x11", "Len":"0x01", "Type":"number", "Cmp":1, "Key":"Rework_Lev",                    "Value":"0x00"},
        {"Offset":"0x13", "Len":"0x01", "Type":"number", "Cmp":1, "Key":"Total_Ethernet_MAC_Address",    "Value":"0x0A"},
        {"Offset":"0x14", "Len":"0x1E", "Type":"string", "Cmp":1, "Key":"Product_Part_Number",           "Value":"699-15555-5555-ABC Y.0"},
        {"Offset":"0x32", "Len":"0x06", "Type":"number", "Cmp":0, "Key":"WIFI_MAC_ADDR",                 "Value":"0x000000000000"},
        {"Offset":"0x38", "Len":"0x06", "Type":"number", "Cmp":0, "Key":"BT_MAC_ADDR",                   "Value":"0x000000000000"},
        {"Offset":"0x3E", "Len":"0x06", "Type":"number", "Cmp":0, "Key":"Second_WIFI_MAC_ADDR",          "Value":"0x000000000000"},
        {"Offset":"0x44", "Len":"0x06", "Type":"number", "Cmp":0, "Key":"Ethernet_MAC_ADDR",             "Value":"0x000000000000"},
        {"Offset":"0x4A", "Len":"0x0F", "Type":"string", "Cmp":0, "Key":"SNO_Sticker",                   "Value":"5678900987656"},
        {"Offset":"0x96", "Len":"0x04", "Type":"string", "Cmp":1, "Key":"Block_Signature",               "Value":"NVCB"},
        {"Offset":"0x9A", "Len":"0x02", "Type":"number", "Cmp":1, "Key":"Length",                        "Value":"0x0000"},
        {"Offset":"0x9C", "Len":"0x02", "Type":"string", "Cmp":1, "Key":"Type_Signature",                "Value":"M1"},
        {"Offset":"0x9E", "Len":"0x02", "Type":"number", "Cmp":1, "Key":"Cust_Version",                  "Value":"0x0000"},
        {"Offset":"0xA0", "Len":"0x06", "Type":"number", "Cmp":0, "Key":"Cust_WIFI_MAC_ADDR",            "Value":"0x000000000000"},
        {"Offset":"0xA6", "Len":"0x06", "Type":"number", "Cmp":0, "Key":"Cust_BT_MAC_ADDR",              "Value":"0x000000000000"},
        {"Offset":"0xAC", "Len":"0x06", "Type":"number", "Cmp":0, "Key":"Cust_Ethernet_MAC_ADDR",        "Value":"0x000000000000"},
        {"Offset":"0xB2", "Len":"0x01", "Type":"number", "Cmp":0, "Key":"Total_Ethernet_MAC_ADDR",       "Value":"0x0A"},
        {"Offset":"0xC8", "Len":"0x15", "Type":"string", "Cmp":1, "Key":"System_Product_Part_Number",    "Value":"945-15555-5555-ABC Y.0"},
        {"Offset":"0xDD", "Len":"0x0F", "Type":"string", "Cmp":0, "Key":"Sys_SNO_Sticker",               "Value":"5678900987656"},
        {"Offset":"0xFF", "Len":"0x01", "Type":"number", "Cmp":1, "Key":"Checksum",                      "Value":"0-254"}
    ]
  }
}
